INSERT INTO users (id, name, age) VALUES
(1, "Brian", 27),
(2, "Brian", 27),
(3, "Brian", 27),
(4, "Brian", 27),
(5, "Brian", 27),
(6, "Brian", 27),
(7, "Brian", 27),
(8, "Brian", 27),
(9, "Brian", 27),
(10, "Brian", 27),
(11, "Brian", 27),
(12, "Brian", 27),
(13, "Brian", 27),
(14, "Brian", 27),
(15, "Brian", 27),
(16, "Brian", 27),
(17, "Brian", 27),
(18, "Brian", 27),
(19, "Brian", 27),
(20, "Brian", 27);

INSERT INTO projects (id, title, category, funding_goal, start_date, end_date)
VALUES
(1, "Flying Car That Can Talk To You", "future", 1000000, 052217, 052271),
(2, "Flying Car That Can Talk To You", "future", 1000000, 052217, 052271),
(3, "Flying Car That Can Talk To You", "future", 1000000, 052217, 052271),
(4, "Flying Car That Can Talk To You", "future", 1000000, 052217, 052271),
(5, "Flying Car That Can Talk To You", "future", 1000000, 052217, 052271),
(6, "Flying Car That Can Talk To You", "future", 1000000, 052217, 052271),
(7, "Flying Car That Can Talk To You", "future", 1000000, 052217, 052271),
(8, "Flying Car That Can Talk To You", "future", 1000000, 052217, 052271),
(9, "Flying Car That Can Talk To You", "future", 1000000, 052217, 052271),
(10, "Flying Car That Can Talk To You", "future", 1000000, 052217, 052271);

INSERT INTO pledges (id, user_id, project_id, amount) VALUES
(1, 1, 1, 500000),
(2, 2, 2, 500000),
(3, 3, 3, 500000),
(4, 4, 4, 500000),
(5, 5, 5, 500000),
(6, 6, 6, 500000),
(7, 7, 7, 500000),
(8, 8, 8, 500000),
(9, 9, 9, 500000),
(10, 10, 10, 500000),
(11, 11, 11, 500000),
(12, 12, 12, 500000),
(13, 13, 11, 500000),
(14, 14, 11, 500000),
(15, 15, 11, 500000),
(16, 16, 11, 500000),
(17, 17, 11, 500000),
(18, 18, 11, 500000),
(19, 19, 11, 500000),
(111, 20, 11, 500000),
(112, 2, 11, 500000),
(1113, 3, 11, 500000),
(113, 4, 11, 500000),
(114, 112, 11, 500000),
(115, 113, 11, 500000),
(116, 114, 11, 500000),
(1123, 115, 11, 500000),
(1124, 116, 11, 500000),
(112314, 117, 11, 500000),
(15566, 118, 11, 500000);
